{
   "aggregation": {
      "aggParams": {
         "size": 20
      },
      "displayName": "SDG Summary",
      "field": "sdgRanks.goal",
      "filterType": "terms",
      "isNested": true,
      "name": "sdgSummary",
      "parent": "sdgRanks",
      "queryParams": {
         "boost": 1.5
      },
      "values": [
         {
            "count": 77,
            "label": "Gender Equality"
         },
         {
            "count": 75,
            "label": "Life on Land"
         },
         {
            "count": 73,
            "label": "Climate Action"
         },
         {
            "count": 73,
            "label": "Decent Work and Economic Growth"
         },
         {
            "count": 71,
            "label": "Peace and Justice Strong Institutions"
         },
         {
            "count": 68,
            "label": "Responsible Consumption and Production"
         },
         {
            "count": 67,
            "label": "Clean Water and Sanitation"
         },
         {
            "count": 67,
            "label": "Partnerships to achieve the Goal"
         },
         {
            "count": 65,
            "label": "Good Health and Well-being"
         },
         {
            "count": 62,
            "label": "Quality Education"
         },
         {
            "count": 61,
            "label": "Life Below Water"
         },
         {
            "count": 60,
            "label": "Affordable and Clean Energy"
         },
         {
            "count": 59,
            "label": "Industry, Innovation and Infrastructure"
         },
         {
            "count": 58,
            "label": "Reduced Inequality"
         },
         {
            "count": 56,
            "label": "Sustainable Cities and Communities"
         },
         {
            "count": 48,
            "label": "No Poverty"
         },
         {
            "count": 48,
            "label": "Zero Hunger"
         }
      ]
   },
   "filters": [
      {
         "displayName": "SDG Goal",
         "field": "sdgRanks",
         "filterType": "nested",
         "name": "sdgRanks"
      },
      {
         "aggParams": {
            "size": 20
         },
         "field": "sdgRanks.goal",
         "filterType": "terms",
         "isNested": true,
         "name": "sdgIds",
         "parent": "sdgRanks",
         "queryParams": {
            "boost": 1.5
         },
         "values": [
            {
               "count": 77,
               "label": "Gender Equality"
            },
            {
               "count": 75,
               "label": "Life on Land"
            },
            {
               "count": 73,
               "label": "Climate Action"
            },
            {
               "count": 73,
               "label": "Decent Work and Economic Growth"
            },
            {
               "count": 71,
               "label": "Peace and Justice Strong Institutions"
            },
            {
               "count": 68,
               "label": "Responsible Consumption and Production"
            },
            {
               "count": 67,
               "label": "Clean Water and Sanitation"
            },
            {
               "count": 67,
               "label": "Partnerships to achieve the Goal"
            },
            {
               "count": 65,
               "label": "Good Health and Well-being"
            },
            {
               "count": 62,
               "label": "Quality Education"
            },
            {
               "count": 61,
               "label": "Life Below Water"
            },
            {
               "count": 60,
               "label": "Affordable and Clean Energy"
            },
            {
               "count": 59,
               "label": "Industry, Innovation and Infrastructure"
            },
            {
               "count": 58,
               "label": "Reduced Inequality"
            },
            {
               "count": 56,
               "label": "Sustainable Cities and Communities"
            },
            {
               "count": 48,
               "label": "No Poverty"
            },
            {
               "count": 48,
               "label": "Zero Hunger"
            }
         ]
      },
      {
         "displayName": "Submitting Institution",
         "field": "jointInstitutions",
         "filterType": "nested",
         "name": "jointInstitutions"
      },
      {
         "aggParams": {
            "order": {
               "_key": "asc"
            },
            "size": 20
         },
         "field": "jointInstitutions.ukRegion",
         "filterType": "terms",
         "isNested": true,
         "name": "institutionRegions",
         "parent": "jointInstitutions",
         "values": [
            {
               "count": 22,
               "label": "East"
            },
            {
               "count": 19,
               "label": "East Midlands"
            },
            {
               "count": 130,
               "label": "London"
            },
            {
               "count": 16,
               "label": "North East"
            },
            {
               "count": 51,
               "label": "North West"
            },
            {
               "count": 8,
               "label": "Northern Ireland"
            },
            {
               "count": 56,
               "label": "Scotland"
            },
            {
               "count": 40,
               "label": "South East"
            },
            {
               "count": 14,
               "label": "South West"
            },
            {
               "count": 7,
               "label": "Wales"
            },
            {
               "count": 21,
               "label": "West Midlands"
            },
            {
               "count": 17,
               "label": "Yorkshire And Humberside"
            }
         ]
      },
      {
         "aggParams": {
            "size": 20
         },
         "field": "jointInstitutions.institutionName",
         "filterType": "terms",
         "isNested": true,
         "name": "institutionNames",
         "parent": "institutionRegions",
         "values": [
            {
               "count": 20,
               "label": "University of Cambridge"
            },
            {
               "count": 2,
               "label": "University of East Anglia"
            },
            {
               "count": 11,
               "label": "University of Nottingham"
            },
            {
               "count": 8,
               "label": "University of Leicester"
            },
            {
               "count": 46,
               "label": "University College London"
            },
            {
               "count": 34,
               "label": "Imperial College London"
            },
            {
               "count": 15,
               "label": "King's College London"
            },
            {
               "count": 15,
               "label": "Queen Mary, University of London"
            },
            {
               "count": 8,
               "label": "Institute of Cancer Research"
            },
            {
               "count": 7,
               "label": "London School of Hygiene & Tropical Medicine"
            },
            {
               "count": 5,
               "label": "St George's, University of London"
            },
            {
               "count": 16,
               "label": "Newcastle University"
            },
            {
               "count": 18,
               "label": "Liverpool School of Tropical Medicine"
            },
            {
               "count": 18,
               "label": "University of Liverpool"
            },
            {
               "count": 15,
               "label": "University of Manchester"
            },
            {
               "count": 8,
               "label": "Queen's University Belfast"
            },
            {
               "count": 22,
               "label": "University of Edinburgh"
            },
            {
               "count": 19,
               "label": "University of Glasgow"
            },
            {
               "count": 6,
               "label": "University of Aberdeen"
            },
            {
               "count": 6,
               "label": "University of Dundee"
            },
            {
               "count": 3,
               "label": "University of St Andrews"
            },
            {
               "count": 25,
               "label": "University of Oxford"
            },
            {
               "count": 15,
               "label": "University of Southampton"
            },
            {
               "count": 9,
               "label": "University of Bristol"
            },
            {
               "count": 3,
               "label": "University of Exeter"
            },
            {
               "count": 2,
               "label": "Plymouth University"
            },
            {
               "count": 7,
               "label": "Cardiff University"
            },
            {
               "count": 17,
               "label": "University of Birmingham"
            },
            {
               "count": 4,
               "label": "University of Warwick"
            },
            {
               "count": 10,
               "label": "University of Leeds"
            },
            {
               "count": 7,
               "label": "University of Sheffield"
            }
         ]
      },
      {
         "displayName": "Unit of Assessment",
         "field": "unitOfAssessment.panel",
         "filterType": "terms",
         "name": "uoaPanels",
         "values": [
            {
               "count": 383,
               "label": "A"
            }
         ]
      },
      {
         "field": "unitOfAssessment.subject",
         "filterType": "terms",
         "name": "uoaSubjects",
         "parent": "uoaPanels",
         "values": [
            {
               "count": 383,
               "label": "Clinical Medicine"
            }
         ]
      },
      {
         "aggParams": {
            "size": 20
         },
         "displayName": "Summary Impact Type",
         "field": "impactType",
         "filterType": "terms",
         "name": "impactTypes",
         "values": [
            {
               "count": 264,
               "label": "Health"
            },
            {
               "count": 84,
               "label": "Technological"
            },
            {
               "count": 27,
               "label": "Political"
            },
            {
               "count": 6,
               "label": "Societal"
            },
            {
               "count": 2,
               "label": "Economic"
            }
         ]
      },
      {
         "displayName": "Research Subject Area",
         "field": "researchSubjectAreas",
         "filterType": "nested",
         "name": "researchSubjectAreas"
      },
      {
         "aggParams": {
            "size": 50
         },
         "field": "researchSubjectAreas.subject",
         "filterType": "terms",
         "isNested": true,
         "name": "researchSubjects",
         "parent": "researchSubjectAreas",
         "values": [
            {
               "count": 170,
               "label": "Clinical Sciences"
            },
            {
               "count": 123,
               "label": "Public Health and Health Services"
            },
            {
               "count": 122,
               "label": "Cardiorespiratory Medicine and Haematology"
            },
            {
               "count": 92,
               "label": "Oncology and Carcinogenesis"
            },
            {
               "count": 54,
               "label": "Neurosciences"
            },
            {
               "count": 47,
               "label": "Medical Microbiology"
            },
            {
               "count": 39,
               "label": "Immunology"
            },
            {
               "count": 31,
               "label": "Genetics"
            },
            {
               "count": 29,
               "label": "Paediatrics and Reproductive Medicine"
            },
            {
               "count": 24,
               "label": "Biochemistry and Cell Biology"
            },
            {
               "count": 18,
               "label": "Pharmacology and Pharmaceutical Sciences"
            },
            {
               "count": 11,
               "label": "Ophthalmology and Optometry"
            },
            {
               "count": 8,
               "label": "Biomedical Engineering"
            },
            {
               "count": 8,
               "label": "Medical Biotechnology"
            },
            {
               "count": 7,
               "label": "Nutrition and Dietetics"
            },
            {
               "count": 4,
               "label": "Artificial Intelligence and Image Processing"
            },
            {
               "count": 3,
               "label": "Nursing"
            },
            {
               "count": 3,
               "label": "Other Physical Sciences"
            },
            {
               "count": 2,
               "label": "Inorganic Chemistry"
            },
            {
               "count": 2,
               "label": "Medical Physiology"
            },
            {
               "count": 2,
               "label": "Other Medical and Health Sciences"
            },
            {
               "count": 2,
               "label": "Psychology"
            },
            {
               "count": 2,
               "label": "Statistics"
            },
            {
               "count": 1,
               "label": "Applied Economics"
            },
            {
               "count": 1,
               "label": "Applied Mathematics"
            },
            {
               "count": 1,
               "label": "Computer Hardware"
            },
            {
               "count": 1,
               "label": "Crop and Pasture Production"
            },
            {
               "count": 1,
               "label": "Curriculum and Pedagogy"
            },
            {
               "count": 1,
               "label": "Food Sciences"
            },
            {
               "count": 1,
               "label": "Human Movement and Sports Science"
            },
            {
               "count": 1,
               "label": "Information Systems"
            },
            {
               "count": 1,
               "label": "Medical Biochemistry and Metabolomics"
            },
            {
               "count": 1,
               "label": "Microbiology"
            },
            {
               "count": 1,
               "label": "Organic Chemistry"
            },
            {
               "count": 1,
               "label": "Social Work"
            },
            {
               "count": 1,
               "label": "Specialist Studies In Education"
            }
         ]
      },
      {
         "aggParams": {
            "order": {
               "_key": "asc"
            }
         },
         "displayName": "Impact Global Location",
         "field": "continent.name",
         "filterType": "terms",
         "name": "continents",
         "values": [
            {
               "count": 31,
               "label": "Africa"
            },
            {
               "count": 94,
               "label": "Asia"
            },
            {
               "count": 316,
               "label": "Europe"
            },
            {
               "count": 200,
               "label": "North America"
            },
            {
               "count": 80,
               "label": "Oceania"
            },
            {
               "count": 16,
               "label": "South America"
            }
         ]
      },
      {
         "aggParams": {
            "size": 100
         },
         "field": "country.name",
         "filterType": "terms",
         "name": "countries",
         "parent": "continents",
         "values": [
            {
               "count": 18,
               "label": "United Kingdom"
            },
            {
               "count": 15,
               "label": "South Africa"
            },
            {
               "count": 7,
               "label": "India"
            },
            {
               "count": 7,
               "label": "Kenya"
            },
            {
               "count": 7,
               "label": "Tanzania"
            },
            {
               "count": 6,
               "label": "Germany"
            },
            {
               "count": 6,
               "label": "Italy"
            },
            {
               "count": 6,
               "label": "Malawi"
            },
            {
               "count": 6,
               "label": "Netherlands"
            },
            {
               "count": 6,
               "label": "Uganda"
            },
            {
               "count": 6,
               "label": "Zambia"
            },
            {
               "count": 5,
               "label": "Australia"
            },
            {
               "count": 5,
               "label": "China"
            },
            {
               "count": 5,
               "label": "Ghana"
            },
            {
               "count": 4,
               "label": "Belgium"
            },
            {
               "count": 4,
               "label": "Canada"
            },
            {
               "count": 4,
               "label": "Egypt"
            },
            {
               "count": 4,
               "label": "Ethiopia"
            },
            {
               "count": 4,
               "label": "France"
            },
            {
               "count": 4,
               "label": "Japan"
            },
            {
               "count": 4,
               "label": "Spain"
            },
            {
               "count": 4,
               "label": "United States"
            },
            {
               "count": 3,
               "label": "Mexico"
            },
            {
               "count": 3,
               "label": "Morocco"
            },
            {
               "count": 3,
               "label": "Nigeria"
            },
            {
               "count": 2,
               "label": "Algeria"
            },
            {
               "count": 2,
               "label": "Bangladesh"
            },
            {
               "count": 2,
               "label": "Botswana"
            },
            {
               "count": 2,
               "label": "Brazil"
            },
            {
               "count": 2,
               "label": "Cameroon"
            },
            {
               "count": 2,
               "label": "Gambia"
            },
            {
               "count": 2,
               "label": "Ireland"
            },
            {
               "count": 2,
               "label": "Israel"
            },
            {
               "count": 2,
               "label": "Ivory Coast"
            },
            {
               "count": 2,
               "label": "Liberia"
            },
            {
               "count": 2,
               "label": "Malaysia"
            },
            {
               "count": 2,
               "label": "New Zealand"
            },
            {
               "count": 2,
               "label": "Rwanda"
            },
            {
               "count": 2,
               "label": "Senegal"
            },
            {
               "count": 2,
               "label": "Swaziland"
            },
            {
               "count": 2,
               "label": "Switzerland"
            },
            {
               "count": 2,
               "label": "Vanuatu"
            },
            {
               "count": 2,
               "label": "Vietnam"
            },
            {
               "count": 2,
               "label": "Zimbabwe"
            },
            {
               "count": 1,
               "label": "Angola"
            },
            {
               "count": 1,
               "label": "Argentina"
            },
            {
               "count": 1,
               "label": "Burkina Faso"
            },
            {
               "count": 1,
               "label": "Chile"
            },
            {
               "count": 1,
               "label": "Czech Republic"
            },
            {
               "count": 1,
               "label": "Democratic Republic of the Congo"
            },
            {
               "count": 1,
               "label": "Denmark"
            },
            {
               "count": 1,
               "label": "Equatorial Guinea"
            },
            {
               "count": 1,
               "label": "Guinea"
            },
            {
               "count": 1,
               "label": "Indonesia"
            },
            {
               "count": 1,
               "label": "Iran"
            },
            {
               "count": 1,
               "label": "Libya"
            },
            {
               "count": 1,
               "label": "Madagascar"
            },
            {
               "count": 1,
               "label": "Mali"
            },
            {
               "count": 1,
               "label": "Mongolia"
            },
            {
               "count": 1,
               "label": "Mozambique"
            },
            {
               "count": 1,
               "label": "Myanmar"
            },
            {
               "count": 1,
               "label": "Namibia"
            },
            {
               "count": 1,
               "label": "Niger"
            },
            {
               "count": 1,
               "label": "Oman"
            },
            {
               "count": 1,
               "label": "Peru"
            },
            {
               "count": 1,
               "label": "Philippines"
            },
            {
               "count": 1,
               "label": "Seychelles"
            },
            {
               "count": 1,
               "label": "Sierra Leone"
            },
            {
               "count": 1,
               "label": "Slovakia"
            },
            {
               "count": 1,
               "label": "Slovenia"
            },
            {
               "count": 1,
               "label": "Somalia"
            },
            {
               "count": 1,
               "label": "Sudan"
            },
            {
               "count": 1,
               "label": "Tunisia"
            },
            {
               "count": 70,
               "label": "United Kingdom"
            },
            {
               "count": 39,
               "label": "United States"
            },
            {
               "count": 34,
               "label": "China"
            },
            {
               "count": 32,
               "label": "India"
            },
            {
               "count": 32,
               "label": "Japan"
            },
            {
               "count": 28,
               "label": "Australia"
            },
            {
               "count": 25,
               "label": "Canada"
            },
            {
               "count": 22,
               "label": "Germany"
            },
            {
               "count": 18,
               "label": "Netherlands"
            },
            {
               "count": 16,
               "label": "France"
            },
            {
               "count": 11,
               "label": "Italy"
            },
            {
               "count": 10,
               "label": "Brazil"
            },
            {
               "count": 10,
               "label": "Spain"
            },
            {
               "count": 8,
               "label": "Denmark"
            },
            {
               "count": 8,
               "label": "Ireland"
            },
            {
               "count": 8,
               "label": "Israel"
            },
            {
               "count": 7,
               "label": "Belgium"
            },
            {
               "count": 7,
               "label": "South Africa"
            },
            {
               "count": 7,
               "label": "Switzerland"
            },
            {
               "count": 5,
               "label": "Austria"
            },
            {
               "count": 5,
               "label": "Czech Republic"
            },
            {
               "count": 5,
               "label": "Malaysia"
            },
            {
               "count": 5,
               "label": "New Zealand"
            },
            {
               "count": 5,
               "label": "Thailand"
            },
            {
               "count": 4,
               "label": "Bangladesh"
            },
            {
               "count": 4,
               "label": "South Korea"
            },
            {
               "count": 4,
               "label": "Vietnam"
            },
            {
               "count": 3,
               "label": "Egypt"
            },
            {
               "count": 3,
               "label": "Finland"
            },
            {
               "count": 3,
               "label": "Ghana"
            },
            {
               "count": 3,
               "label": "Iran"
            },
            {
               "count": 3,
               "label": "Kenya"
            },
            {
               "count": 3,
               "label": "Nigeria"
            },
            {
               "count": 3,
               "label": "Pakistan"
            },
            {
               "count": 3,
               "label": "Poland"
            },
            {
               "count": 3,
               "label": "Portugal"
            },
            {
               "count": 3,
               "label": "Saudi Arabia"
            },
            {
               "count": 3,
               "label": "Sweden"
            },
            {
               "count": 3,
               "label": "Tanzania"
            },
            {
               "count": 3,
               "label": "Turkey"
            },
            {
               "count": 3,
               "label": "Uganda"
            },
            {
               "count": 2,
               "label": "Algeria"
            },
            {
               "count": 2,
               "label": "Ethiopia"
            },
            {
               "count": 2,
               "label": "Indonesia"
            },
            {
               "count": 2,
               "label": "Malawi"
            },
            {
               "count": 2,
               "label": "Mexico"
            },
            {
               "count": 2,
               "label": "Morocco"
            },
            {
               "count": 2,
               "label": "Myanmar"
            },
            {
               "count": 2,
               "label": "Russia"
            },
            {
               "count": 2,
               "label": "Senegal"
            },
            {
               "count": 2,
               "label": "Slovakia"
            },
            {
               "count": 2,
               "label": "Zambia"
            },
            {
               "count": 2,
               "label": "Zimbabwe"
            },
            {
               "count": 1,
               "label": "Angola"
            },
            {
               "count": 1,
               "label": "Argentina"
            },
            {
               "count": 1,
               "label": "Bhutan"
            },
            {
               "count": 1,
               "label": "Bulgaria"
            },
            {
               "count": 1,
               "label": "Burkina Faso"
            },
            {
               "count": 1,
               "label": "Cameroon"
            },
            {
               "count": 1,
               "label": "Colombia"
            },
            {
               "count": 1,
               "label": "Croatia"
            },
            {
               "count": 1,
               "label": "Gambia"
            },
            {
               "count": 1,
               "label": "Guinea"
            },
            {
               "count": 1,
               "label": "Hungary"
            },
            {
               "count": 1,
               "label": "Ivory Coast"
            },
            {
               "count": 1,
               "label": "Jordan"
            },
            {
               "count": 1,
               "label": "Kuwait"
            },
            {
               "count": 1,
               "label": "Liberia"
            },
            {
               "count": 1,
               "label": "Libya"
            },
            {
               "count": 1,
               "label": "Lithuania"
            },
            {
               "count": 1,
               "label": "Luxembourg"
            },
            {
               "count": 1,
               "label": "Madagascar"
            },
            {
               "count": 1,
               "label": "Mali"
            },
            {
               "count": 1,
               "label": "Malta"
            },
            {
               "count": 1,
               "label": "Mongolia"
            },
            {
               "count": 1,
               "label": "Nepal"
            },
            {
               "count": 1,
               "label": "Niger"
            },
            {
               "count": 1,
               "label": "Norway"
            },
            {
               "count": 1,
               "label": "Oman"
            },
            {
               "count": 1,
               "label": "Papua New Guinea"
            },
            {
               "count": 1,
               "label": "Peru"
            },
            {
               "count": 1,
               "label": "Philippines"
            },
            {
               "count": 1,
               "label": "Seychelles"
            },
            {
               "count": 1,
               "label": "Sierra Leone"
            },
            {
               "count": 1,
               "label": "Slovenia"
            },
            {
               "count": 1,
               "label": "Sri Lanka"
            },
            {
               "count": 1,
               "label": "Taiwan"
            },
            {
               "count": 1,
               "label": "Tunisia"
            },
            {
               "count": 1,
               "label": "United Arab Emirates"
            },
            {
               "count": 1,
               "label": "Vanuatu"
            },
            {
               "count": 295,
               "label": "United Kingdom"
            },
            {
               "count": 152,
               "label": "United States"
            },
            {
               "count": 62,
               "label": "Australia"
            },
            {
               "count": 61,
               "label": "Canada"
            },
            {
               "count": 38,
               "label": "Netherlands"
            },
            {
               "count": 37,
               "label": "Germany"
            },
            {
               "count": 33,
               "label": "France"
            },
            {
               "count": 32,
               "label": "Japan"
            },
            {
               "count": 26,
               "label": "China"
            },
            {
               "count": 25,
               "label": "Italy"
            },
            {
               "count": 24,
               "label": "India"
            },
            {
               "count": 22,
               "label": "Ireland"
            },
            {
               "count": 19,
               "label": "Sweden"
            },
            {
               "count": 18,
               "label": "Spain"
            },
            {
               "count": 16,
               "label": "Switzerland"
            },
            {
               "count": 14,
               "label": "Denmark"
            },
            {
               "count": 14,
               "label": "New Zealand"
            },
            {
               "count": 13,
               "label": "Belgium"
            },
            {
               "count": 12,
               "label": "South Africa"
            },
            {
               "count": 10,
               "label": "Brazil"
            },
            {
               "count": 8,
               "label": "Israel"
            },
            {
               "count": 7,
               "label": "Austria"
            },
            {
               "count": 6,
               "label": "Czech Republic"
            },
            {
               "count": 5,
               "label": "Finland"
            },
            {
               "count": 5,
               "label": "Portugal"
            },
            {
               "count": 5,
               "label": "Russia"
            },
            {
               "count": 4,
               "label": "Argentina"
            },
            {
               "count": 4,
               "label": "Malawi"
            },
            {
               "count": 4,
               "label": "Poland"
            },
            {
               "count": 4,
               "label": "South Korea"
            },
            {
               "count": 4,
               "label": "Zambia"
            },
            {
               "count": 3,
               "label": "Ghana"
            },
            {
               "count": 3,
               "label": "Greece"
            },
            {
               "count": 3,
               "label": "Iran"
            },
            {
               "count": 3,
               "label": "Malaysia"
            },
            {
               "count": 3,
               "label": "Morocco"
            },
            {
               "count": 3,
               "label": "Norway"
            },
            {
               "count": 3,
               "label": "Pakistan"
            },
            {
               "count": 3,
               "label": "Saudi Arabia"
            },
            {
               "count": 3,
               "label": "Slovenia"
            },
            {
               "count": 3,
               "label": "Tanzania"
            },
            {
               "count": 3,
               "label": "Turkey"
            },
            {
               "count": 3,
               "label": "Uganda"
            },
            {
               "count": 2,
               "label": "Algeria"
            },
            {
               "count": 2,
               "label": "Chile"
            },
            {
               "count": 2,
               "label": "Egypt"
            },
            {
               "count": 2,
               "label": "Gambia"
            },
            {
               "count": 2,
               "label": "Hungary"
            },
            {
               "count": 2,
               "label": "Kenya"
            },
            {
               "count": 2,
               "label": "Lithuania"
            },
            {
               "count": 2,
               "label": "Mexico"
            },
            {
               "count": 2,
               "label": "Nigeria"
            },
            {
               "count": 2,
               "label": "Rwanda"
            },
            {
               "count": 2,
               "label": "Senegal"
            },
            {
               "count": 2,
               "label": "Slovakia"
            },
            {
               "count": 2,
               "label": "Vietnam"
            },
            {
               "count": 2,
               "label": "Zimbabwe"
            },
            {
               "count": 1,
               "label": "Albania"
            },
            {
               "count": 1,
               "label": "Botswana"
            },
            {
               "count": 1,
               "label": "Bulgaria"
            },
            {
               "count": 1,
               "label": "Cameroon"
            },
            {
               "count": 1,
               "label": "Croatia"
            },
            {
               "count": 1,
               "label": "Cyprus"
            },
            {
               "count": 1,
               "label": "Ethiopia"
            },
            {
               "count": 1,
               "label": "Gibraltar"
            },
            {
               "count": 1,
               "label": "Iceland"
            },
            {
               "count": 1,
               "label": "Indonesia"
            },
            {
               "count": 1,
               "label": "Ivory Coast"
            },
            {
               "count": 1,
               "label": "Jamaica"
            },
            {
               "count": 1,
               "label": "Jordan"
            },
            {
               "count": 1,
               "label": "Kuwait"
            },
            {
               "count": 1,
               "label": "Libya"
            },
            {
               "count": 1,
               "label": "Luxembourg"
            },
            {
               "count": 1,
               "label": "Madagascar"
            },
            {
               "count": 1,
               "label": "Malta"
            },
            {
               "count": 1,
               "label": "Mongolia"
            },
            {
               "count": 1,
               "label": "Niger"
            },
            {
               "count": 1,
               "label": "Oman"
            },
            {
               "count": 1,
               "label": "Peru"
            },
            {
               "count": 1,
               "label": "Philippines"
            },
            {
               "count": 1,
               "label": "Romania"
            },
            {
               "count": 1,
               "label": "Seychelles"
            },
            {
               "count": 1,
               "label": "Sudan"
            },
            {
               "count": 1,
               "label": "Taiwan"
            },
            {
               "count": 1,
               "label": "Thailand"
            },
            {
               "count": 1,
               "label": "Tunisia"
            },
            {
               "count": 1,
               "label": "United Arab Emirates"
            },
            {
               "count": 1,
               "label": "Vanuatu"
            },
            {
               "count": 171,
               "label": "United Kingdom"
            },
            {
               "count": 166,
               "label": "United States"
            },
            {
               "count": 64,
               "label": "Canada"
            },
            {
               "count": 43,
               "label": "Australia"
            },
            {
               "count": 26,
               "label": "Germany"
            },
            {
               "count": 24,
               "label": "France"
            },
            {
               "count": 21,
               "label": "Netherlands"
            },
            {
               "count": 20,
               "label": "Japan"
            },
            {
               "count": 17,
               "label": "China"
            },
            {
               "count": 17,
               "label": "India"
            },
            {
               "count": 17,
               "label": "Italy"
            },
            {
               "count": 14,
               "label": "Ireland"
            },
            {
               "count": 14,
               "label": "Spain"
            },
            {
               "count": 12,
               "label": "Denmark"
            },
            {
               "count": 12,
               "label": "Sweden"
            },
            {
               "count": 11,
               "label": "Switzerland"
            },
            {
               "count": 10,
               "label": "Belgium"
            },
            {
               "count": 8,
               "label": "Brazil"
            },
            {
               "count": 8,
               "label": "New Zealand"
            },
            {
               "count": 7,
               "label": "Austria"
            },
            {
               "count": 6,
               "label": "Israel"
            },
            {
               "count": 4,
               "label": "Finland"
            },
            {
               "count": 4,
               "label": "Mexico"
            },
            {
               "count": 4,
               "label": "Russia"
            },
            {
               "count": 4,
               "label": "South Africa"
            },
            {
               "count": 3,
               "label": "Argentina"
            },
            {
               "count": 3,
               "label": "Czech Republic"
            },
            {
               "count": 3,
               "label": "Norway"
            },
            {
               "count": 3,
               "label": "Portugal"
            },
            {
               "count": 3,
               "label": "Saudi Arabia"
            },
            {
               "count": 3,
               "label": "Uganda"
            },
            {
               "count": 3,
               "label": "Zambia"
            },
            {
               "count": 2,
               "label": "Ethiopia"
            },
            {
               "count": 2,
               "label": "Ghana"
            },
            {
               "count": 2,
               "label": "Hungary"
            },
            {
               "count": 2,
               "label": "Iran"
            },
            {
               "count": 2,
               "label": "Poland"
            },
            {
               "count": 2,
               "label": "Slovenia"
            },
            {
               "count": 2,
               "label": "South Korea"
            },
            {
               "count": 2,
               "label": "Swaziland"
            },
            {
               "count": 2,
               "label": "Turkey"
            },
            {
               "count": 2,
               "label": "Vietnam"
            },
            {
               "count": 1,
               "label": "Algeria"
            },
            {
               "count": 1,
               "label": "Bangladesh"
            },
            {
               "count": 1,
               "label": "Bulgaria"
            },
            {
               "count": 1,
               "label": "Chile"
            },
            {
               "count": 1,
               "label": "Colombia"
            },
            {
               "count": 1,
               "label": "Croatia"
            },
            {
               "count": 1,
               "label": "Egypt"
            },
            {
               "count": 1,
               "label": "Equatorial Guinea"
            },
            {
               "count": 1,
               "label": "Gambia"
            },
            {
               "count": 1,
               "label": "Greece"
            },
            {
               "count": 1,
               "label": "Jamaica"
            },
            {
               "count": 1,
               "label": "Kenya"
            },
            {
               "count": 1,
               "label": "Liberia"
            },
            {
               "count": 1,
               "label": "Libya"
            },
            {
               "count": 1,
               "label": "Lithuania"
            },
            {
               "count": 1,
               "label": "Luxembourg"
            },
            {
               "count": 1,
               "label": "Malawi"
            },
            {
               "count": 1,
               "label": "Malaysia"
            },
            {
               "count": 1,
               "label": "Malta"
            },
            {
               "count": 1,
               "label": "Morocco"
            },
            {
               "count": 1,
               "label": "Mozambique"
            },
            {
               "count": 1,
               "label": "Nepal"
            },
            {
               "count": 1,
               "label": "Nigeria"
            },
            {
               "count": 1,
               "label": "Oman"
            },
            {
               "count": 1,
               "label": "Pakistan"
            },
            {
               "count": 1,
               "label": "Peru"
            },
            {
               "count": 1,
               "label": "Rwanda"
            },
            {
               "count": 1,
               "label": "Senegal"
            },
            {
               "count": 1,
               "label": "Slovakia"
            },
            {
               "count": 1,
               "label": "Tanzania"
            },
            {
               "count": 1,
               "label": "Thailand"
            },
            {
               "count": 1,
               "label": "United Arab Emirates"
            },
            {
               "count": 1,
               "label": "Vanuatu"
            },
            {
               "count": 71,
               "label": "Australia"
            },
            {
               "count": 62,
               "label": "United Kingdom"
            },
            {
               "count": 34,
               "label": "United States"
            },
            {
               "count": 25,
               "label": "Canada"
            },
            {
               "count": 16,
               "label": "Netherlands"
            },
            {
               "count": 16,
               "label": "New Zealand"
            },
            {
               "count": 14,
               "label": "Japan"
            },
            {
               "count": 13,
               "label": "Germany"
            },
            {
               "count": 12,
               "label": "India"
            },
            {
               "count": 10,
               "label": "China"
            },
            {
               "count": 8,
               "label": "France"
            },
            {
               "count": 8,
               "label": "Ireland"
            },
            {
               "count": 8,
               "label": "Italy"
            },
            {
               "count": 7,
               "label": "Spain"
            },
            {
               "count": 7,
               "label": "Sweden"
            },
            {
               "count": 5,
               "label": "South Africa"
            },
            {
               "count": 4,
               "label": "Belgium"
            },
            {
               "count": 4,
               "label": "Denmark"
            },
            {
               "count": 3,
               "label": "Czech Republic"
            },
            {
               "count": 3,
               "label": "Israel"
            },
            {
               "count": 3,
               "label": "Switzerland"
            },
            {
               "count": 3,
               "label": "Thailand"
            },
            {
               "count": 3,
               "label": "Uganda"
            },
            {
               "count": 3,
               "label": "Zambia"
            },
            {
               "count": 2,
               "label": "Austria"
            },
            {
               "count": 2,
               "label": "Brazil"
            },
            {
               "count": 2,
               "label": "Finland"
            },
            {
               "count": 2,
               "label": "Ghana"
            },
            {
               "count": 2,
               "label": "Hungary"
            },
            {
               "count": 2,
               "label": "Kenya"
            },
            {
               "count": 2,
               "label": "Malawi"
            },
            {
               "count": 2,
               "label": "Nigeria"
            },
            {
               "count": 2,
               "label": "Poland"
            },
            {
               "count": 2,
               "label": "Portugal"
            },
            {
               "count": 2,
               "label": "Vanuatu"
            },
            {
               "count": 2,
               "label": "Zimbabwe"
            },
            {
               "count": 1,
               "label": "Algeria"
            },
            {
               "count": 1,
               "label": "Bulgaria"
            },
            {
               "count": 1,
               "label": "Cameroon"
            },
            {
               "count": 1,
               "label": "Egypt"
            },
            {
               "count": 1,
               "label": "Equatorial Guinea"
            },
            {
               "count": 1,
               "label": "Ethiopia"
            },
            {
               "count": 1,
               "label": "Gibraltar"
            },
            {
               "count": 1,
               "label": "Iran"
            },
            {
               "count": 1,
               "label": "Ivory Coast"
            },
            {
               "count": 1,
               "label": "Kuwait"
            },
            {
               "count": 1,
               "label": "Liberia"
            },
            {
               "count": 1,
               "label": "Madagascar"
            },
            {
               "count": 1,
               "label": "Malaysia"
            },
            {
               "count": 1,
               "label": "Mexico"
            },
            {
               "count": 1,
               "label": "Mongolia"
            },
            {
               "count": 1,
               "label": "Morocco"
            },
            {
               "count": 1,
               "label": "Mozambique"
            },
            {
               "count": 1,
               "label": "Niger"
            },
            {
               "count": 1,
               "label": "Norway"
            },
            {
               "count": 1,
               "label": "Pakistan"
            },
            {
               "count": 1,
               "label": "Papua New Guinea"
            },
            {
               "count": 1,
               "label": "Philippines"
            },
            {
               "count": 1,
               "label": "Russia"
            },
            {
               "count": 1,
               "label": "Rwanda"
            },
            {
               "count": 1,
               "label": "Saudi Arabia"
            },
            {
               "count": 1,
               "label": "Senegal"
            },
            {
               "count": 1,
               "label": "Seychelles"
            },
            {
               "count": 1,
               "label": "Slovakia"
            },
            {
               "count": 1,
               "label": "South Korea"
            },
            {
               "count": 1,
               "label": "Swaziland"
            },
            {
               "count": 1,
               "label": "Tunisia"
            },
            {
               "count": 1,
               "label": "Turkey"
            },
            {
               "count": 1,
               "label": "United Arab Emirates"
            },
            {
               "count": 1,
               "label": "Vietnam"
            },
            {
               "count": 13,
               "label": "United Kingdom"
            },
            {
               "count": 12,
               "label": "Brazil"
            },
            {
               "count": 8,
               "label": "India"
            },
            {
               "count": 7,
               "label": "United States"
            },
            {
               "count": 5,
               "label": "Argentina"
            },
            {
               "count": 5,
               "label": "China"
            },
            {
               "count": 3,
               "label": "Canada"
            },
            {
               "count": 3,
               "label": "Slovenia"
            },
            {
               "count": 2,
               "label": "Australia"
            },
            {
               "count": 2,
               "label": "Chile"
            },
            {
               "count": 2,
               "label": "Japan"
            },
            {
               "count": 2,
               "label": "Russia"
            },
            {
               "count": 2,
               "label": "Spain"
            },
            {
               "count": 2,
               "label": "Sweden"
            },
            {
               "count": 2,
               "label": "Turkey"
            },
            {
               "count": 1,
               "label": "Bangladesh"
            },
            {
               "count": 1,
               "label": "Belgium"
            },
            {
               "count": 1,
               "label": "Colombia"
            },
            {
               "count": 1,
               "label": "Denmark"
            },
            {
               "count": 1,
               "label": "France"
            },
            {
               "count": 1,
               "label": "Ireland"
            },
            {
               "count": 1,
               "label": "Italy"
            },
            {
               "count": 1,
               "label": "Jordan"
            },
            {
               "count": 1,
               "label": "Malawi"
            },
            {
               "count": 1,
               "label": "Malta"
            },
            {
               "count": 1,
               "label": "Nepal"
            },
            {
               "count": 1,
               "label": "Netherlands"
            },
            {
               "count": 1,
               "label": "Peru"
            },
            {
               "count": 1,
               "label": "Portugal"
            },
            {
               "count": 1,
               "label": "South Africa"
            },
            {
               "count": 1,
               "label": "Tanzania"
            },
            {
               "count": 1,
               "label": "Thailand"
            },
            {
               "count": 1,
               "label": "Uganda"
            },
            {
               "count": 1,
               "label": "Venezuela"
            },
            {
               "count": 1,
               "label": "Zambia"
            }
         ]
      },
      {
         "aggParams": {
            "order": {
               "_key": "asc"
            }
         },
         "displayName": "Impact UK Location",
         "field": "ukRegion.name",
         "filterType": "terms",
         "name": "ukRegions",
         "values": [
            {
               "count": 185,
               "label": "England"
            },
            {
               "count": 16,
               "label": "Northern Ireland"
            },
            {
               "count": 57,
               "label": "Scotland"
            },
            {
               "count": 40,
               "label": "Wales"
            }
         ]
      },
      {
         "aggParams": {
            "size": 100
         },
         "field": "ukLocation.name",
         "filterType": "terms",
         "name": "ukLocations",
         "parent": "ukRegions",
         "values": [
            {
               "count": 34,
               "label": "London"
            },
            {
               "count": 18,
               "label": "Newcastle-upon-Tyne"
            },
            {
               "count": 17,
               "label": "Southampton"
            },
            {
               "count": 14,
               "label": "Bristol"
            },
            {
               "count": 14,
               "label": "Manchester"
            },
            {
               "count": 13,
               "label": "Cambridge"
            },
            {
               "count": 11,
               "label": "Leeds"
            },
            {
               "count": 8,
               "label": "Sheffield"
            },
            {
               "count": 7,
               "label": "Birmingham"
            },
            {
               "count": 6,
               "label": "Oxford"
            },
            {
               "count": 4,
               "label": "Leicester"
            },
            {
               "count": 3,
               "label": "Belfast"
            },
            {
               "count": 3,
               "label": "Coventry"
            },
            {
               "count": 3,
               "label": "Glasgow"
            },
            {
               "count": 2,
               "label": "Cardiff"
            },
            {
               "count": 2,
               "label": "Dundee"
            },
            {
               "count": 2,
               "label": "Liverpool"
            },
            {
               "count": 2,
               "label": "Plymouth"
            },
            {
               "count": 1,
               "label": "Abingdon"
            },
            {
               "count": 1,
               "label": "Basingstoke"
            },
            {
               "count": 1,
               "label": "Bradford"
            },
            {
               "count": 1,
               "label": "Brighton"
            },
            {
               "count": 1,
               "label": "Chichester"
            },
            {
               "count": 1,
               "label": "Colchester"
            },
            {
               "count": 1,
               "label": "Derby"
            },
            {
               "count": 1,
               "label": "Dewsbury"
            },
            {
               "count": 1,
               "label": "Dudley"
            },
            {
               "count": 1,
               "label": "Edinburgh"
            },
            {
               "count": 1,
               "label": "Gloucester"
            },
            {
               "count": 1,
               "label": "Horsham"
            },
            {
               "count": 1,
               "label": "Huntingdon"
            },
            {
               "count": 1,
               "label": "Kirkby"
            },
            {
               "count": 1,
               "label": "Macclesfield"
            },
            {
               "count": 1,
               "label": "Norwich"
            },
            {
               "count": 1,
               "label": "Selby"
            },
            {
               "count": 5,
               "label": "Belfast"
            },
            {
               "count": 2,
               "label": "Cambridge"
            },
            {
               "count": 2,
               "label": "London"
            },
            {
               "count": 2,
               "label": "Newcastle-upon-Tyne"
            },
            {
               "count": 1,
               "label": "Birmingham"
            },
            {
               "count": 1,
               "label": "Brighton"
            },
            {
               "count": 1,
               "label": "Coventry"
            },
            {
               "count": 1,
               "label": "Derby"
            },
            {
               "count": 1,
               "label": "Dundee"
            },
            {
               "count": 1,
               "label": "Glasgow"
            },
            {
               "count": 1,
               "label": "Oxford"
            },
            {
               "count": 1,
               "label": "Sheffield"
            },
            {
               "count": 12,
               "label": "Glasgow"
            },
            {
               "count": 6,
               "label": "Aberdeen"
            },
            {
               "count": 3,
               "label": "Cambridge"
            },
            {
               "count": 3,
               "label": "London"
            },
            {
               "count": 3,
               "label": "Newcastle-upon-Tyne"
            },
            {
               "count": 2,
               "label": "Birmingham"
            },
            {
               "count": 2,
               "label": "Dundee"
            },
            {
               "count": 1,
               "label": "Basingstoke"
            },
            {
               "count": 1,
               "label": "Belfast"
            },
            {
               "count": 1,
               "label": "Brighton"
            },
            {
               "count": 1,
               "label": "Bristol"
            },
            {
               "count": 1,
               "label": "Cardiff"
            },
            {
               "count": 1,
               "label": "Coventry"
            },
            {
               "count": 1,
               "label": "Derby"
            },
            {
               "count": 1,
               "label": "Edinburgh"
            },
            {
               "count": 1,
               "label": "Huntingdon"
            },
            {
               "count": 1,
               "label": "Leeds"
            },
            {
               "count": 1,
               "label": "Manchester"
            },
            {
               "count": 1,
               "label": "Oxford"
            },
            {
               "count": 1,
               "label": "Sheffield"
            },
            {
               "count": 1,
               "label": "Southampton"
            },
            {
               "count": 6,
               "label": "London"
            },
            {
               "count": 5,
               "label": "Cardiff"
            },
            {
               "count": 4,
               "label": "Leeds"
            },
            {
               "count": 3,
               "label": "Glasgow"
            },
            {
               "count": 3,
               "label": "Newcastle-upon-Tyne"
            },
            {
               "count": 2,
               "label": "Bristol"
            },
            {
               "count": 1,
               "label": "Cambridge"
            },
            {
               "count": 1,
               "label": "Coventry"
            },
            {
               "count": 1,
               "label": "Manchester"
            },
            {
               "count": 1,
               "label": "Oxford"
            },
            {
               "count": 1,
               "label": "Selby"
            },
            {
               "count": 1,
               "label": "Swansea"
            }
         ]
      },
      {
         "aggParams": {
            "size": 20
         },
         "displayName": "Project Funders",
         "field": "funders",
         "filterType": "terms",
         "name": "funders",
         "values": [
            {
               "count": 113,
               "label": "Medical Research Council"
            },
            {
               "count": 83,
               "label": "Wellcome Trust"
            },
            {
               "count": 15,
               "label": "Biotechnology and Biological Sciences Research Council"
            },
            {
               "count": 12,
               "label": "Economic and Social Research Council"
            },
            {
               "count": 12,
               "label": "Royal Society"
            },
            {
               "count": 5,
               "label": "Engineering and Physical Sciences Research Council"
            },
            {
               "count": 2,
               "label": "Research Councils UK"
            }
         ]
      }
   ],
   "totalHits": 383
}