{
    "caseStudyId": "string",
    "continent": {
        "Continent": {
            "Enum": [
                "Africa",
                "Antarctica",
                "Asia",
                "Europe",
                "North America",
                "Oceania",
                "South America "
            ]
        }
    },
    "country": {
        "enum": [
            "Afghanistan",
            "Aland Islands",
            "Albania",
            "Algeria",
            "American Samoa, Territory of",
            "Andorra",
            "Angola",
            "Anguilla",
            "Antigua and Barbuda",
            "Argentina",
            "Armenia",
            "Aruba",
            "Australia",
            "Austria",
            "Azerbaijan",
            "Bahamas",
            "Bahrain",
            "Bangladesh",
            "Barbados",
            "Belarus",
            "Belgium",
            "Belize",
            "Benin",
            "Bermuda",
            "Bhutan",
            "Bolivia",
            "Bonaire, Saint Eustatius and Saba ",
            "Bosnia and Herzegovina",
            "Botswana",
            "Bouvet Island",
            "Brazil",
            "British Indian Ocean Territory",
            "British Virgin Islands",
            "Brunei",
            "Bulgaria",
            "Burkina Faso",
            "Burundi",
            "Cambodia",
            "Cameroon",
            "Canada",
            "Cape Verde",
            "Cayman Islands",
            "Central African Republic",
            "Chad",
            "Chile",
            "China",
            "Christmas Island",
            "Cocos Islands",
            "Colombia",
            "Comoros",
            "Cook Islands",
            "Costa Rica",
            "Croatia",
            "Cuba",
            "Curacao",
            "Cyprus",
            "Czech Republic",
            "Democratic Republic of the Congo",
            "Denmark",
            "Djibouti",
            "Dominica",
            "Dominican Republic",
            "East Timor",
            "Ecuador",
            "Egypt",
            "El Salvador",
            "Equatorial Guinea",
            "Eritrea",
            "Estonia",
            "Ethiopia",
            "Falkland Islands",
            "Faroe Islands",
            "Fiji",
            "Finland",
            "France",
            "French Guiana",
            "French Polynesia",
            "French Southern Territories",
            "Gabon",
            "Gambia",
            "Georgia",
            "Germany",
            "Ghana",
            "Gibraltar",
            "Greece",
            "Greenland",
            "Grenada",
            "Guadeloupe",
            "Guam",
            "Guatemala",
            "Guatemala",
            "Guernsey",
            "Guinea",
            "Guinea-Bissau",
            "Guyana",
            "Haiti",
            "Heard Island and McDonald Islands",
            "Honduras",
            "Hong Kong",
            "Hungary",
            "Iceland",
            "India",
            "Indonesia",
            "Iran",
            "Iraq",
            "Ireland",
            "Isle of Man",
            "Israel",
            "Italy",
            "Ivory Coast",
            "Jamaica",
            "Japan",
            "Jersey",
            "Jordan",
            "Kazakhstan",
            "Kenya",
            "Kiribati",
            "Kosovo",
            "Kuwait",
            "Kyrgyzstan",
            "Laos",
            "Latvia",
            "Lebanon",
            "Lesotho",
            "Liberia",
            "Libya",
            "Liechtenstein",
            "Lithuania",
            "Luxembourg",
            "Macao",
            "Macao",
            "Macedonia",
            "Madagascar",
            "Malawi",
            "Malaysia",
            "Maldives",
            "Mali",
            "Malta",
            "Marshall Islands",
            "Martinique",
            "Mauritania",
            "Mauritius",
            "Mayotte",
            "Mexico",
            "Micronesia",
            "Moldova",
            "Monaco",
            "Mongolia",
            "Montenegro",
            "Montserrat",
            "Morocco",
            "Mozambique",
            "Myanmar",
            "Namibia",
            "Nauru",
            "Nepal",
            "Netherlands",
            "Netherlands Antilles",
            "New Caledonia",
            "New Zealand",
            "Nicaragua",
            "Niger",
            "Nigeria",
            "Niue",
            "Norfolk Island",
            "North Korea",
            "Northern Mariana Islands",
            "Norway",
            "Oman",
            "Pakistan",
            "Palau",
            "Palestinian Territory",
            "Panama",
            "Papua New Guinea",
            "Paraguay",
            "Peru",
            "Philippines",
            "Pitcairn",
            "Poland",
            "Portugal",
            "Puerto Rico",
            "Qatar",
            "Republic of the Congo",
            "Reunion",
            "Romania",
            "Russia",
            "Rwanda",
            "Saint Barthelemy",
            "Saint Helena",
            "Saint Kitts and Nevis",
            "Saint Lucia",
            "Saint Martin",
            "Saint Pierre and Miquelon",
            "Saint Vincent and the Grenadines",
            "Samoa",
            "San Marino",
            "Sao Tome and Principe",
            "Saudi Arabia",
            "Senegal",
            "Serbia",
            "Seychelles",
            "Sierra Leone",
            "Singapore",
            "Sint Maarten",
            "Slovakia",
            "Slovakia",
            "Slovenia",
            "Solomon Islands",
            "Somalia",
            "South Africa",
            "South Georgia and the South Sandwich Islands",
            "South Korea",
            "South Sudan",
            "Spain",
            "Sri Lanka",
            "Sudan",
            "Suriname",
            "Swaziland",
            "Sweden",
            "Switzerland",
            "Syria",
            "Taiwan",
            "Tajikistan",
            "Tanzania",
            "Thailand",
            "Togo",
            "Tokelau",
            "Tonga",
            "Trinidad and Tobago",
            "Tunisia",
            "Turkey",
            "Turkmenistan",
            "Turks and Caicos Islands",
            "Tuvalu",
            "U.S. Virgin Islands",
            "Uganda",
            "Ukraine",
            "United Arab Emirates",
            "United Kingdom",
            "United States",
            "United States Minor Outlying Islands",
            "Uruguay",
            "Uzbekistan",
            "Vanuatu",
            "Vatican",
            "Venezuela",
            "Vietnam",
            "Wallis and Futuna",
            "Western Sahara",
            "Yemen",
            "Zambia",
            "Zimbabwe"
        ]
    },
    "funders": {
        "Enum": [
            "Arts and Humanities Research Council",
            "Biotechnology and Biological Sciences Research Council",
            "British Academy",
            "Council for the Central Laboratory of the Research Councils",
            "Economic and Social Research Council",
            "Engineering and Physical Sciences Research Council",
            "Innovate UK",
            "   Medical Research Council",
            "Natural Environment Research Council",
            "Particle Physics and Astronomy Research Council",
            "Research Councils UK",
            "Royal Academy of Engineering",
            "Royal Society",
            "Science and Technology Facilities Council",
            "UK Space Agency, Wellcome Trust"
        ]
    },
    "impactDetails": "string",
    "impactSummary": "string",
    "impactType": "string",
    "jointInstitutions": {
        "Institution": {
            "alternativeName": "string",
            "institutionName": "string",
            "peerGroup": {
                "Enum": [
                    "A",
                    "B",
                    "C",
                    "D",
                    "E",
                    "F",
                    "G"
                ]
            },
            "country": {
                "enum": [
                    "Afghanistan",
                    "Aland Islands",
                    "Albania",
                    "Algeria",
                    "American Samoa, Territory of",
                    "Andorra",
                    "Angola",
                    "Anguilla",
                    "Antigua and Barbuda",
                    "Argentina",
                    "Armenia",
                    "Aruba",
                    "Australia",
                    "Austria",
                    "Azerbaijan",
                    "Bahamas",
                    "Bahrain",
                    "Bangladesh",
                    "Barbados",
                    "Belarus",
                    "Belgium",
                    "Belize",
                    "Benin",
                    "Bermuda",
                    "Bhutan",
                    "Bolivia",
                    "Bonaire, Saint Eustatius and Saba ",
                    "Bosnia and Herzegovina",
                    "Botswana",
                    "Bouvet Island",
                    "Brazil",
                    "British Indian Ocean Territory",
                    "British Virgin Islands",
                    "Brunei",
                    "Bulgaria",
                    "Burkina Faso",
                    "Burundi",
                    "Cambodia",
                    "Cameroon",
                    "Canada",
                    "Cape Verde",
                    "Cayman Islands",
                    "Central African Republic",
                    "Chad",
                    "Chile",
                    "China",
                    "Christmas Island",
                    "Cocos Islands",
                    "Colombia",
                    "Comoros",
                    "Cook Islands",
                    "Costa Rica",
                    "Croatia",
                    "Cuba",
                    "Curacao",
                    "Cyprus",
                    "Czech Republic",
                    "Democratic Republic of the Congo",
                    "Denmark",
                    "Djibouti",
                    "Dominica",
                    "Dominican Republic",
                    "East Timor",
                    "Ecuador",
                    "Egypt",
                    "El Salvador",
                    "Equatorial Guinea",
                    "Eritrea",
                    "Estonia",
                    "Ethiopia",
                    "Falkland Islands",
                    "Faroe Islands",
                    "Fiji",
                    "Finland",
                    "France",
                    "French Guiana",
                    "French Polynesia",
                    "French Southern Territories",
                    "Gabon",
                    "Gambia",
                    "Georgia",
                    "Germany",
                    "Ghana",
                    "Gibraltar",
                    "Greece",
                    "Greenland",
                    "Grenada",
                    "Guadeloupe",
                    "Guam",
                    "Guatemala",
                    "Guatemala",
                    "Guernsey",
                    "Guinea",
                    "Guinea-Bissau",
                    "Guyana",
                    "Haiti",
                    "Heard Island and McDonald Islands",
                    "Honduras",
                    "Hong Kong",
                    "Hungary",
                    "Iceland",
                    "India",
                    "Indonesia",
                    "Iran",
                    "Iraq",
                    "Ireland",
                    "Isle of Man",
                    "Israel",
                    "Italy",
                    "Ivory Coast",
                    "Jamaica",
                    "Japan",
                    "Jersey",
                    "Jordan",
                    "Kazakhstan",
                    "Kenya",
                    "Kiribati",
                    "Kosovo",
                    "Kuwait",
                    "Kyrgyzstan",
                    "Laos",
                    "Latvia",
                    "Lebanon",
                    "Lesotho",
                    "Liberia",
                    "Libya",
                    "Liechtenstein",
                    "Lithuania",
                    "Luxembourg",
                    "Macao",
                    "Macao",
                    "Macedonia",
                    "Madagascar",
                    "Malawi",
                    "Malaysia",
                    "Maldives",
                    "Mali",
                    "Malta",
                    "Marshall Islands",
                    "Martinique",
                    "Mauritania",
                    "Mauritius",
                    "Mayotte",
                    "Mexico",
                    "Micronesia",
                    "Moldova",
                    "Monaco",
                    "Mongolia",
                    "Montenegro",
                    "Montserrat",
                    "Morocco",
                    "Mozambique",
                    "Myanmar",
                    "Namibia",
                    "Nauru",
                    "Nepal",
                    "Netherlands",
                    "Netherlands Antilles",
                    "New Caledonia",
                    "New Zealand",
                    "Nicaragua",
                    "Niger",
                    "Nigeria",
                    "Niue",
                    "Norfolk Island",
                    "North Korea",
                    "Northern Mariana Islands",
                    "Norway",
                    "Oman",
                    "Pakistan",
                    "Palau",
                    "Palestinian Territory",
                    "Panama",
                    "Papua New Guinea",
                    "Paraguay",
                    "Peru",
                    "Philippines",
                    "Pitcairn",
                    "Poland",
                    "Portugal",
                    "Puerto Rico",
                    "Qatar",
                    "Republic of the Congo",
                    "Reunion",
                    "Romania",
                    "Russia",
                    "Rwanda",
                    "Saint Barthelemy",
                    "Saint Helena",
                    "Saint Kitts and Nevis",
                    "Saint Lucia",
                    "Saint Martin",
                    "Saint Pierre and Miquelon",
                    "Saint Vincent and the Grenadines",
                    "Samoa",
                    "San Marino",
                    "Sao Tome and Principe",
                    "Saudi Arabia",
                    "Senegal",
                    "Serbia",
                    "Seychelles",
                    "Sierra Leone",
                    "Singapore",
                    "Sint Maarten",
                    "Slovakia",
                    "Slovakia",
                    "Slovenia",
                    "Solomon Islands",
                    "Somalia",
                    "South Africa",
                    "South Georgia and the South Sandwich Islands",
                    "South Korea",
                    "South Sudan",
                    "Spain",
                    "Sri Lanka",
                    "Sudan",
                    "Suriname",
                    "Swaziland",
                    "Sweden",
                    "Switzerland",
                    "Syria",
                    "Taiwan",
                    "Tajikistan",
                    "Tanzania",
                    "Thailand",
                    "Togo",
                    "Tokelau",
                    "Tonga",
                    "Trinidad and Tobago",
                    "Tunisia",
                    "Turkey",
                    "Turkmenistan",
                    "Turks and Caicos Islands",
                    "Tuvalu",
                    "U.S. Virgin Islands",
                    "Uganda",
                    "Ukraine",
                    "United Arab Emirates",
                    "United Kingdom",
                    "United States",
                    "United States Minor Outlying Islands",
                    "Uruguay",
                    "Uzbekistan",
                    "Vanuatu",
                    "Vatican",
                    "Venezuela",
                    "Vietnam",
                    "Wallis and Futuna",
                    "Western Sahara",
                    "Yemen",
                    "Zambia",
                    "Zimbabwe"
                ]
            },
            "ukRegion": {
                "Enum": [
                    "East",
                    "East Midlands",
                    "London",
                    "North East",
                    "North West",
                    "Northern Ireland",
                    "Scotland",
                    "South East",
                    "South West",
                    "Wales",
                    "West Midlands",
                    "Yorkshire And Humberside"
                ]
            },
            "ukPrn": "integer"
        }
    },
    "panel": "string",
    "placeName": {
        "GeoName": [
            {
                "geoNamesId": "string",
                "name": "string"
            }
        ]
    },
    "primaryInstitution": {
        "Institution": {
            "alternativeName": "string",
            "institutionName": "string",
            "peerGroup": {
                "Enum": [
                    "A",
                    "B",
                    "C",
                    "D",
                    "E",
                    "F",
                    "G"
                ]
            },
            "country": {
                "enum": [
                    "Afghanistan",
                    "Aland Islands",
                    "Albania",
                    "Algeria",
                    "American Samoa, Territory of",
                    "Andorra",
                    "Angola",
                    "Anguilla",
                    "Antigua and Barbuda",
                    "Argentina",
                    "Armenia",
                    "Aruba",
                    "Australia",
                    "Austria",
                    "Azerbaijan",
                    "Bahamas",
                    "Bahrain",
                    "Bangladesh",
                    "Barbados",
                    "Belarus",
                    "Belgium",
                    "Belize",
                    "Benin",
                    "Bermuda",
                    "Bhutan",
                    "Bolivia",
                    "Bonaire, Saint Eustatius and Saba ",
                    "Bosnia and Herzegovina",
                    "Botswana",
                    "Bouvet Island",
                    "Brazil",
                    "British Indian Ocean Territory",
                    "British Virgin Islands",
                    "Brunei",
                    "Bulgaria",
                    "Burkina Faso",
                    "Burundi",
                    "Cambodia",
                    "Cameroon",
                    "Canada",
                    "Cape Verde",
                    "Cayman Islands",
                    "Central African Republic",
                    "Chad",
                    "Chile",
                    "China",
                    "Christmas Island",
                    "Cocos Islands",
                    "Colombia",
                    "Comoros",
                    "Cook Islands",
                    "Costa Rica",
                    "Croatia",
                    "Cuba",
                    "Curacao",
                    "Cyprus",
                    "Czech Republic",
                    "Democratic Republic of the Congo",
                    "Denmark",
                    "Djibouti",
                    "Dominica",
                    "Dominican Republic",
                    "East Timor",
                    "Ecuador",
                    "Egypt",
                    "El Salvador",
                    "Equatorial Guinea",
                    "Eritrea",
                    "Estonia",
                    "Ethiopia",
                    "Falkland Islands",
                    "Faroe Islands",
                    "Fiji",
                    "Finland",
                    "France",
                    "French Guiana",
                    "French Polynesia",
                    "French Southern Territories",
                    "Gabon",
                    "Gambia",
                    "Georgia",
                    "Germany",
                    "Ghana",
                    "Gibraltar",
                    "Greece",
                    "Greenland",
                    "Grenada",
                    "Guadeloupe",
                    "Guam",
                    "Guatemala",
                    "Guatemala",
                    "Guernsey",
                    "Guinea",
                    "Guinea-Bissau",
                    "Guyana",
                    "Haiti",
                    "Heard Island and McDonald Islands",
                    "Honduras",
                    "Hong Kong",
                    "Hungary",
                    "Iceland",
                    "India",
                    "Indonesia",
                    "Iran",
                    "Iraq",
                    "Ireland",
                    "Isle of Man",
                    "Israel",
                    "Italy",
                    "Ivory Coast",
                    "Jamaica",
                    "Japan",
                    "Jersey",
                    "Jordan",
                    "Kazakhstan",
                    "Kenya",
                    "Kiribati",
                    "Kosovo",
                    "Kuwait",
                    "Kyrgyzstan",
                    "Laos",
                    "Latvia",
                    "Lebanon",
                    "Lesotho",
                    "Liberia",
                    "Libya",
                    "Liechtenstein",
                    "Lithuania",
                    "Luxembourg",
                    "Macao",
                    "Macao",
                    "Macedonia",
                    "Madagascar",
                    "Malawi",
                    "Malaysia",
                    "Maldives",
                    "Mali",
                    "Malta",
                    "Marshall Islands",
                    "Martinique",
                    "Mauritania",
                    "Mauritius",
                    "Mayotte",
                    "Mexico",
                    "Micronesia",
                    "Moldova",
                    "Monaco",
                    "Mongolia",
                    "Montenegro",
                    "Montserrat",
                    "Morocco",
                    "Mozambique",
                    "Myanmar",
                    "Namibia",
                    "Nauru",
                    "Nepal",
                    "Netherlands",
                    "Netherlands Antilles",
                    "New Caledonia",
                    "New Zealand",
                    "Nicaragua",
                    "Niger",
                    "Nigeria",
                    "Niue",
                    "Norfolk Island",
                    "North Korea",
                    "Northern Mariana Islands",
                    "Norway",
                    "Oman",
                    "Pakistan",
                    "Palau",
                    "Palestinian Territory",
                    "Panama",
                    "Papua New Guinea",
                    "Paraguay",
                    "Peru",
                    "Philippines",
                    "Pitcairn",
                    "Poland",
                    "Portugal",
                    "Puerto Rico",
                    "Qatar",
                    "Republic of the Congo",
                    "Reunion",
                    "Romania",
                    "Russia",
                    "Rwanda",
                    "Saint Barthelemy",
                    "Saint Helena",
                    "Saint Kitts and Nevis",
                    "Saint Lucia",
                    "Saint Martin",
                    "Saint Pierre and Miquelon",
                    "Saint Vincent and the Grenadines",
                    "Samoa",
                    "San Marino",
                    "Sao Tome and Principe",
                    "Saudi Arabia",
                    "Senegal",
                    "Serbia",
                    "Seychelles",
                    "Sierra Leone",
                    "Singapore",
                    "Sint Maarten",
                    "Slovakia",
                    "Slovakia",
                    "Slovenia",
                    "Solomon Islands",
                    "Somalia",
                    "South Africa",
                    "South Georgia and the South Sandwich Islands",
                    "South Korea",
                    "South Sudan",
                    "Spain",
                    "Sri Lanka",
                    "Sudan",
                    "Suriname",
                    "Swaziland",
                    "Sweden",
                    "Switzerland",
                    "Syria",
                    "Taiwan",
                    "Tajikistan",
                    "Tanzania",
                    "Thailand",
                    "Togo",
                    "Tokelau",
                    "Tonga",
                    "Trinidad and Tobago",
                    "Tunisia",
                    "Turkey",
                    "Turkmenistan",
                    "Turks and Caicos Islands",
                    "Tuvalu",
                    "U.S. Virgin Islands",
                    "Uganda",
                    "Ukraine",
                    "United Arab Emirates",
                    "United Kingdom",
                    "United States",
                    "United States Minor Outlying Islands",
                    "Uruguay",
                    "Uzbekistan",
                    "Vanuatu",
                    "Vatican",
                    "Venezuela",
                    "Vietnam",
                    "Wallis and Futuna",
                    "Western Sahara",
                    "Yemen",
                    "Zambia",
                    "Zimbabwe"
                ]
            },
            "ukRegion": {
                "Enum": [
                    "East",
                    "East Midlands",
                    "London",
                    "North East",
                    "North West",
                    "Northern Ireland",
                    "Scotland",
                    "South East",
                    "South West",
                    "Wales",
                    "West Midlands",
                    "Yorkshire And Humberside"
                ]
            },
            "ukPrn": "integer"
        }
    },
    "primarySdg": {
        "SustainableDevelopmentGoal": "string",
        "Enum": [
            " GOAL 1: No Poverty",
            "GOAL 2: Zero Hunger",
            "GOAL 3: Good Health and Well-being",
            "GOAL 4: Quality Education",
            "GOAL 5: Gender Equality",
            "GOAL 6: Clean Water and Sanitation",
            "GOAL 7: Affordable and Clean Energy",
            "GOAL 8: Decent Work and Economic Growth",
            "GOAL 9: Industry, Innovation and Infrastructure",
            " GOAL 10: Reduced Inequality",
            "GOAL 11: Sustainable Cities and Communities",
            " GOAL 12: Responsible Consumption and Production",
            "GOAL 13: Climate Action",
            "  GOAL 14: Life Below Water",
            "GOAL 15: Life on Land",
            " GOAL 16: Peace and Justice Strong Institutions",
            "GOAL 17: Partnerships to achieve the Goal"
        ]
    },
    "references": "string",
    "researchSubjectAreas": {
        "ResearchSubjectArea": {
            "level1": "string",
            "level2": "string",
            "subject": "string"
        }
    },
    "sdgRanks": {
        "SdgRank": {
            "SustainableDevelopmentGoal": "string",
            "Enum": [
                " GOAL 1: No Poverty",
                "GOAL 2: Zero Hunger",
                "GOAL 3: Good Health and Well-being",
                "GOAL 4: Quality Education",
                "GOAL 5: Gender Equality",
                "GOAL 6: Clean Water and Sanitation",
                "GOAL 7: Affordable and Clean Energy",
                "GOAL 8: Decent Work and Economic Growth",
                "GOAL 9: Industry, Innovation and Infrastructure",
                " GOAL 10: Reduced Inequality",
                "GOAL 11: Sustainable Cities and Communities",
                " GOAL 12: Responsible Consumption and Production",
                "GOAL 13: Climate Action",
                "  GOAL 14: Life Below Water",
                "GOAL 15: Life on Land",
                " GOAL 16: Peace and Justice Strong Institutions",
                "GOAL 17: Partnerships to achieve the Goal"
            ]
        },
        "score": {
            "minimum": "number",
            "maximum": "number"
        }
    },
    "secondarySdg": {
        "SustainableDevelopmentGoal": "string",
        "Enum": [
            " GOAL 1: No Poverty",
            "GOAL 2: Zero Hunger",
            "GOAL 3: Good Health and Well-being",
            "GOAL 4: Quality Education",
            "GOAL 5: Gender Equality",
            "GOAL 6: Clean Water and Sanitation",
            "GOAL 7: Affordable and Clean Energy",
            "GOAL 8: Decent Work and Economic Growth",
            "GOAL 9: Industry, Innovation and Infrastructure",
            " GOAL 10: Reduced Inequality",
            "GOAL 11: Sustainable Cities and Communities",
            " GOAL 12: Responsible Consumption and Production",
            "GOAL 13: Climate Action",
            "  GOAL 14: Life Below Water",
            "GOAL 15: Life on Land",
            " GOAL 16: Peace and Justice Strong Institutions",
            "GOAL 17: Partnerships to achieve the Goal"
        ]
    },
    "sources": "string",
    "title": "string",
    "ukLocation": {
        "GeoName": [
            {
                "geoNamesId": "string",
                "name": "string"
            }
        ]
    },
    "ukRegion": {
        "enum": [
            "England",
            " Northern Ireland",
            "Scotland",
            "Wales"
        ]
    },
    "unitOfAssessment": {
        "UnitOfAssessment": {
            "id": "string",
            "panel": "string",
            "subject": "string"
        }
    },
    "underpinningResearch": "string"
}