[
  {
    "name":"INDIGO",
    "id": 1543,
    "image":"/assets/indigo.png",
    "arrivalTime": "4:30AM",
    "departureTime":"2:30AM",
    "from": "bangaluru",
    "to": "buvaneswar"
  },
  {
    "name":"AIRASIA",
    "id": 1544,
    "image":"/assets/airasia.png",
    "arrivalTime": "4:45AM",
    "departureTime":"3:34AM",
    "from": "bangaluru",
    "to": "hyderabad"
  },
  {
    "name":"SPICE JET",
    "id": 1545,
    "image":"/assets/spicejet.png",
    "arrivalTime": "9:00AM",
    "departureTime":"10:00AM",
    "from": "bangaluru",
    "to": "hyderabad"
  },
  {
    "name":"INDIGO",
    "id": 1546,
    "image":"/assets/indigo.png",
    "arrivalTime": "4:30PM",
    "departureTime":"2:30PM",
    "from": "bangaluru",
    "to": "buvaneswar"
  },
  {
    "name":"INDIGO",
    "id": 1547,
    "image":"/assets/indigo.png",
    "arrivalTime": "6:30PM",
    "departureTime":"7:30PM",
    "from": "bangaluru",
    "to": "buvaneswar"
  }
]
